{
  "accountingPeriodId": "f23a580b-27cc-4566-b722-10b8bc5b1552",
  "reportType": "BS",
  "asOf": "2026-03-31",
  "generatedAt": "2025-12-21T22:28:51.535Z",
  "rows": [
    {
      "key": "assets",
      "label": "Assets",
      "rows": [
        {
          "key": "assets:1000",
          "label": "1000 Cash / Bank",
          "amount": {
            "value": 250055,
            "display": "250055.00",
            "sign": "DR"
          }
        },
        {
          "key": "assets:1100",
          "label": "1100 Accounts Receivable Control",
          "amount": {
            "value": 120000,
            "display": "120000.00",
            "sign": "DR"
          }
        },
        {
          "key": "assets:1501",
          "label": "1501 FA Capitalization Clearing",
          "amount": {
            "value": -2400,
            "display": "2400.00",
            "sign": "CR"
          }
        },
        {
          "key": "assets:1601",
          "label": "1601 Fixed Assets - Cost",
          "amount": {
            "value": 2400,
            "display": "2400.00",
            "sign": "DR"
          }
        },
        {
          "key": "assets:1701",
          "label": "1701 Accumulated Depreciation - Fixed Assets",
          "amount": {
            "value": -40,
            "display": "40.00",
            "sign": "CR"
          }
        }
      ],
      "subtotal": {
        "key": "assets_total",
        "label": "Total Assets",
        "amount": {
          "value": 370015,
          "display": "370015.00",
          "sign": "DR"
        }
      }
    },
    {
      "key": "liabilities",
      "label": "Liabilities",
      "rows": [
        {
          "key": "liabilities:2000",
          "label": "2000 Accounts Payable Control",
          "amount": {
            "value": 290000,
            "display": "290000.00",
            "sign": "CR"
          }
        }
      ],
      "subtotal": {
        "key": "liabilities_total",
        "label": "Total Liabilities",
        "amount": {
          "value": 290000,
          "display": "290000.00",
          "sign": "CR"
        }
      }
    },
    {
      "key": "equity",
      "label": "Equity",
      "rows": [
        {
          "key": "equity:3000",
          "label": "3000 Retained Earnings",
          "amount": {
            "value": 80055,
            "display": "80055.00",
            "sign": "CR"
          }
        },
        {
          "key": "equity:RETAINED_EARNINGS",
          "label": "RETAINED_EARNINGS Retained Earnings (derived)",
          "amount": {
            "value": -40,
            "display": "40.00",
            "sign": "DR"
          }
        }
      ],
      "subtotal": {
        "key": "equity_total",
        "label": "Total Equity",
        "amount": {
          "value": 80015,
          "display": "80015.00",
          "sign": "CR"
        }
      }
    }
  ],
  "totals": [
    {
      "key": "equation_assets",
      "label": "Assets",
      "amount": {
        "value": 370015,
        "display": "370015.00",
        "sign": "DR"
      }
    },
    {
      "key": "equation_lpe",
      "label": "Liabilities + Equity",
      "amount": {
        "value": 370015,
        "display": "370015.00",
        "sign": "CR"
      }
    }
  ]
}