{
  "accountingPeriodId": "f23a580b-27cc-4566-b722-10b8bc5b1552",
  "reportType": "CF",
  "period": {
    "from": "2026-03-01",
    "to": "2026-03-31"
  },
  "generatedAt": "2025-12-21T22:28:51.535Z",
  "rows": [
    {
      "key": "operating",
      "label": "Operating activities",
      "rows": [
        {
          "key": "net_profit",
          "label": "Net profit / loss",
          "amount": {
            "value": 0,
            "display": "0.00",
            "sign": "CR"
          }
        },
        {
          "key": "adj:Depreciation / amortisation (derived)",
          "label": "Depreciation / amortisation (derived)",
          "amount": {
            "value": 40,
            "display": "40.00",
            "sign": "CR"
          }
        }
      ],
      "subtotal": {
        "key": "net_cash_ops",
        "label": "Net cash from operating",
        "amount": {
          "value": 40,
          "display": "40.00",
          "sign": "CR"
        }
      }
    },
    {
      "key": "cash",
      "label": "Cash",
      "rows": [
        {
          "key": "opening_cash",
          "label": "Opening cash (derived)",
          "amount": {
            "value": 250000,
            "display": "250000.00",
            "sign": "DR"
          }
        },
        {
          "key": "closing_cash",
          "label": "Closing cash (derived)",
          "amount": {
            "value": 250055,
            "display": "250055.00",
            "sign": "DR"
          }
        }
      ],
      "subtotal": {
        "key": "net_change_cash",
        "label": "Net change in cash",
        "amount": {
          "value": 55,
          "display": "55.00",
          "sign": "DR"
        }
      }
    }
  ],
  "totals": []
}