{
  "accountingPeriodId": "f23a580b-27cc-4566-b722-10b8bc5b1552",
  "reportType": "PL",
  "period": {
    "from": "2026-03-01",
    "to": "2026-03-31"
  },
  "generatedAt": "2025-12-21T22:28:51.535Z",
  "rows": [
    {
      "key": "income",
      "label": "Revenue",
      "rows": [],
      "subtotal": {
        "key": "income_total",
        "label": "Total Revenue",
        "amount": {
          "value": 0,
          "display": "0.00",
          "sign": "CR"
        }
      }
    },
    {
      "key": "expenses",
      "label": "Expenses",
      "rows": [],
      "subtotal": {
        "key": "expenses_total",
        "label": "Total Expenses",
        "amount": {
          "value": 0,
          "display": "0.00",
          "sign": "DR"
        }
      }
    }
  ],
  "totals": [
    {
      "key": "net_profit",
      "label": "Net Profit / Loss",
      "amount": {
        "value": 0,
        "display": "0.00",
        "sign": "CR"
      }
    }
  ]
}