{
  "accountingPeriodId": "f23a580b-27cc-4566-b722-10b8bc5b1552",
  "reportType": "SOCE",
  "period": {
    "fiscalYear": 2026,
    "from": "2026-01-02",
    "to": "2026-12-31"
  },
  "generatedAt": "2025-12-21T22:28:51.535Z",
  "rows": [
    {
      "key": "soce",
      "label": "Equity movement",
      "rows": [
        {
          "key": "opening_equity",
          "label": "Opening equity",
          "amount": {
            "value": 80000,
            "display": "80000.00",
            "sign": "CR"
          }
        },
        {
          "key": "net_profit",
          "label": "Net profit / loss",
          "amount": {
            "value": -40,
            "display": "40.00",
            "sign": "DR"
          }
        },
        {
          "key": "other_movements",
          "label": "Other movements (derived)",
          "amount": {
            "value": 55,
            "display": "55.00",
            "sign": "CR"
          }
        }
      ],
      "subtotal": {
        "key": "closing_equity",
        "label": "Closing equity",
        "amount": {
          "value": 80015,
          "display": "80015.00",
          "sign": "CR"
        }
      }
    }
  ],
  "totals": []
}