{
  "periodId": "43188730-2fcf-48a4-a174-c9bd118cd91a",
  "items": [
    {
      "id": "9a49f8c7-de20-43bf-9f91-faf8c79c1e8f",
      "code": "BANK_RECONCILIATION",
      "label": "Bank reconciliations completed and reviewed",
      "completed": false,
      "completedAt": null,
      "completedBy": null,
      "createdAt": "2025-12-16T13:06:20.377Z"
    },
    {
      "id": "40275403-a537-4b3c-8a3f-bd5767793026",
      "code": "GL_REVIEW",
      "label": "General ledger review completed (journals, accruals, reclasses)",
      "completed": false,
      "completedAt": null,
      "completedBy": null,
      "createdAt": "2025-12-16T13:06:20.377Z"
    },
    {
      "id": "e96529b7-db75-4c6a-9dab-2cdca1950e5d",
      "code": "REPORTING_PACKAGE",
      "label": "Financial statements generated and reviewed",
      "completed": false,
      "completedAt": null,
      "completedBy": null,
      "createdAt": "2025-12-16T13:06:20.377Z"
    },
    {
      "id": "107b4a4c-5feb-455c-b80f-619f0fdfdec8",
      "code": "AP_RECONCILIATION",
      "label": "AP subledger reconciled to GL",
      "completed": true,
      "completedAt": "2025-12-16T16:07:18.667Z",
      "completedBy": {
        "id": "7a220d25-85ff-40a7-b37f-baf05233623f",
        "email": "test@uspire.local"
      },
      "createdAt": "2025-12-16T13:06:20.377Z"
    },
    {
      "id": "fe774f6b-6ae3-43c0-bbe1-a812e5c2dc84",
      "code": "AR_RECONCILIATION",
      "label": "AR subledger reconciled to GL",
      "completed": true,
      "completedAt": "2025-12-16T18:13:34.728Z",
      "completedBy": {
        "id": "7a220d25-85ff-40a7-b37f-baf05233623f",
        "email": "test@uspire.local"
      },
      "createdAt": "2025-12-16T13:06:20.377Z"
    }
  ]
}