[
  {
    "id": "c9060de7-b6f9-4584-92a2-57661b42c1fd",
    "tenantId": "af7464e3-166a-4681-a851-99d895db6c98",
    "eventType": "PERIOD_CHECKLIST_COMPLETE",
    "entityType": "ACCOUNTING_PERIOD_CHECKLIST_ITEM",
    "entityId": "8185a9b6-2b2a-45f4-9769-fa29abbd97d8",
    "action": "FINANCE_PERIOD_CHECKLIST_COMPLETE",
    "outcome": "SUCCESS",
    "reason": null,
    "userId": "e77ec5cd-d05a-4c56-821b-122edad25083",
    "permissionUsed": "FINANCE_PERIOD_CHECKLIST_COMPLETE",
    "createdAt": "2025-12-17T16:20:39.035Z",
    "user": {
      "id": "e77ec5cd-d05a-4c56-821b-122edad25083",
      "email": "admin@uspire.local"
    }
  }
]