{
  "periodId": "a8871f36-1f85-4163-a594-331354caef49",
  "items": [
    {
      "id": "8c5c9073-4eea-4df3-8933-b34932e6dded",
      "code": "AP_RECONCILIATION",
      "label": "AP subledger reconciled to GL",
      "completed": false,
      "completedAt": null,
      "completedBy": null,
      "createdAt": "2025-12-16T20:59:39.889Z"
    },
    {
      "id": "e001b1d8-a5ca-4a88-b391-33ad1a1f24de",
      "code": "AR_RECONCILIATION",
      "label": "AR subledger reconciled to GL",
      "completed": false,
      "completedAt": null,
      "completedBy": null,
      "createdAt": "2025-12-16T20:59:39.889Z"
    },
    {
      "id": "8f5d5afe-56c4-4b40-ab5e-baa85209295c",
      "code": "GL_REVIEW",
      "label": "General ledger review completed (journals, accruals, reclasses)",
      "completed": false,
      "completedAt": null,
      "completedBy": null,
      "createdAt": "2025-12-16T20:59:39.889Z"
    },
    {
      "id": "228e2b8f-4a0a-42f2-8eed-55fabb943db2",
      "code": "REPORTING_PACKAGE",
      "label": "Financial statements generated and reviewed",
      "completed": false,
      "completedAt": null,
      "completedBy": null,
      "createdAt": "2025-12-16T20:59:39.889Z"
    },
    {
      "id": "8185a9b6-2b2a-45f4-9769-fa29abbd97d8",
      "code": "BANK_RECONCILIATION",
      "label": "Bank reconciliations completed and reviewed",
      "completed": true,
      "completedAt": "2025-12-17T16:20:38.999Z",
      "completedBy": {
        "id": "e77ec5cd-d05a-4c56-821b-122edad25083",
        "email": "admin@uspire.local"
      },
      "createdAt": "2025-12-16T20:59:39.889Z"
    }
  ]
}