[
  {
    "id": "d7e3268e-1071-4346-a234-d009092a9e46",
    "tenantId": "af7464e3-166a-4681-a851-99d895db6c98",
    "eventType": "PERIOD_CHECKLIST_COMPLETE",
    "entityType": "ACCOUNTING_PERIOD_CHECKLIST_ITEM",
    "entityId": "8f31fa3d-0292-4fa2-922c-39faa91fb00b",
    "action": "FINANCE_PERIOD_CHECKLIST_COMPLETE",
    "outcome": "SUCCESS",
    "reason": null,
    "userId": "e77ec5cd-d05a-4c56-821b-122edad25083",
    "permissionUsed": "FINANCE_PERIOD_CHECKLIST_COMPLETE",
    "createdAt": "2025-12-21T11:06:07.624Z",
    "user": {
      "id": "e77ec5cd-d05a-4c56-821b-122edad25083",
      "email": "admin@uspire.local"
    }
  },
  {
    "id": "8f55b0c2-53e2-4e18-9b76-efacb7ef34aa",
    "tenantId": "af7464e3-166a-4681-a851-99d895db6c98",
    "eventType": "PERIOD_CHECKLIST_COMPLETE",
    "entityType": "ACCOUNTING_PERIOD_CHECKLIST_ITEM",
    "entityId": "4e8ac90b-e7d2-46dc-b225-feb46dc3284b",
    "action": "FINANCE_PERIOD_CHECKLIST_COMPLETE",
    "outcome": "SUCCESS",
    "reason": null,
    "userId": "e77ec5cd-d05a-4c56-821b-122edad25083",
    "permissionUsed": "FINANCE_PERIOD_CHECKLIST_COMPLETE",
    "createdAt": "2025-12-21T11:06:09.065Z",
    "user": {
      "id": "e77ec5cd-d05a-4c56-821b-122edad25083",
      "email": "admin@uspire.local"
    }
  },
  {
    "id": "cc8d2c55-4326-4419-b445-7095c0f82bad",
    "tenantId": "af7464e3-166a-4681-a851-99d895db6c98",
    "eventType": "PERIOD_CHECKLIST_COMPLETE",
    "entityType": "ACCOUNTING_PERIOD_CHECKLIST_ITEM",
    "entityId": "278c8561-1e8e-4dd2-8164-d4f0b5191479",
    "action": "FINANCE_PERIOD_CHECKLIST_COMPLETE",
    "outcome": "SUCCESS",
    "reason": null,
    "userId": "e77ec5cd-d05a-4c56-821b-122edad25083",
    "permissionUsed": "FINANCE_PERIOD_CHECKLIST_COMPLETE",
    "createdAt": "2025-12-21T11:06:09.926Z",
    "user": {
      "id": "e77ec5cd-d05a-4c56-821b-122edad25083",
      "email": "admin@uspire.local"
    }
  },
  {
    "id": "4c61e0b0-7a9d-41a7-8e33-0ffb8164b4a2",
    "tenantId": "af7464e3-166a-4681-a851-99d895db6c98",
    "eventType": "PERIOD_CHECKLIST_COMPLETE",
    "entityType": "ACCOUNTING_PERIOD_CHECKLIST_ITEM",
    "entityId": "285eca43-df08-4f96-9a30-6593b0bf82c8",
    "action": "FINANCE_PERIOD_CHECKLIST_COMPLETE",
    "outcome": "SUCCESS",
    "reason": null,
    "userId": "e77ec5cd-d05a-4c56-821b-122edad25083",
    "permissionUsed": "FINANCE_PERIOD_CHECKLIST_COMPLETE",
    "createdAt": "2025-12-21T11:06:10.824Z",
    "user": {
      "id": "e77ec5cd-d05a-4c56-821b-122edad25083",
      "email": "admin@uspire.local"
    }
  },
  {
    "id": "78cf3b31-c08f-4e21-913f-0ea7950361a1",
    "tenantId": "af7464e3-166a-4681-a851-99d895db6c98",
    "eventType": "PERIOD_CHECKLIST_COMPLETE",
    "entityType": "ACCOUNTING_PERIOD_CHECKLIST_ITEM",
    "entityId": "e7c2bca9-b9d1-4962-b708-29ed9c524ae0",
    "action": "FINANCE_PERIOD_CHECKLIST_COMPLETE",
    "outcome": "SUCCESS",
    "reason": null,
    "userId": "e77ec5cd-d05a-4c56-821b-122edad25083",
    "permissionUsed": "FINANCE_PERIOD_CHECKLIST_COMPLETE",
    "createdAt": "2025-12-21T11:06:11.826Z",
    "user": {
      "id": "e77ec5cd-d05a-4c56-821b-122edad25083",
      "email": "admin@uspire.local"
    }
  },
  {
    "id": "9b2c50c5-46c8-4ba8-8335-e308e52294fc",
    "tenantId": "af7464e3-166a-4681-a851-99d895db6c98",
    "eventType": "PERIOD_CLOSE",
    "entityType": "ACCOUNTING_PERIOD",
    "entityId": "f23a580b-27cc-4566-b722-10b8bc5b1552",
    "action": "FINANCE_PERIOD_CLOSE_APPROVE",
    "outcome": "BLOCKED",
    "reason": "User who completed checklist items cannot close the accounting period",
    "userId": "e77ec5cd-d05a-4c56-821b-122edad25083",
    "permissionUsed": "FINANCE_PERIOD_CLOSE_APPROVE",
    "createdAt": "2025-12-21T11:06:38.126Z",
    "user": {
      "id": "e77ec5cd-d05a-4c56-821b-122edad25083",
      "email": "admin@uspire.local"
    }
  },
  {
    "id": "a889f73a-653d-4e75-b240-0ff861da00d6",
    "tenantId": "af7464e3-166a-4681-a851-99d895db6c98",
    "eventType": "PERIOD_CLOSE",
    "entityType": "ACCOUNTING_PERIOD",
    "entityId": "f23a580b-27cc-4566-b722-10b8bc5b1552",
    "action": "FINANCE_PERIOD_CLOSE_APPROVE",
    "outcome": "SUCCESS",
    "reason": null,
    "userId": "5bb4021e-0e45-4d34-865f-606291f09144",
    "permissionUsed": "FINANCE_PERIOD_CLOSE_APPROVE",
    "createdAt": "2025-12-21T12:06:05.720Z",
    "user": {
      "id": "5bb4021e-0e45-4d34-865f-606291f09144",
      "email": "kenny@uspire.local"
    }
  }
]