{
  "periodId": "f23a580b-27cc-4566-b722-10b8bc5b1552",
  "items": [
    {
      "id": "8f31fa3d-0292-4fa2-922c-39faa91fb00b",
      "code": "BANK_RECONCILIATION",
      "label": "Bank reconciliations completed and reviewed",
      "completed": true,
      "completedAt": "2025-12-21T11:06:07.599Z",
      "completedBy": {
        "id": "e77ec5cd-d05a-4c56-821b-122edad25083",
        "email": "admin@uspire.local"
      },
      "createdAt": "2025-12-16T13:06:20.377Z"
    },
    {
      "id": "4e8ac90b-e7d2-46dc-b225-feb46dc3284b",
      "code": "AP_RECONCILIATION",
      "label": "AP subledger reconciled to GL",
      "completed": true,
      "completedAt": "2025-12-21T11:06:09.055Z",
      "completedBy": {
        "id": "e77ec5cd-d05a-4c56-821b-122edad25083",
        "email": "admin@uspire.local"
      },
      "createdAt": "2025-12-16T13:06:20.377Z"
    },
    {
      "id": "278c8561-1e8e-4dd2-8164-d4f0b5191479",
      "code": "AR_RECONCILIATION",
      "label": "AR subledger reconciled to GL",
      "completed": true,
      "completedAt": "2025-12-21T11:06:09.918Z",
      "completedBy": {
        "id": "e77ec5cd-d05a-4c56-821b-122edad25083",
        "email": "admin@uspire.local"
      },
      "createdAt": "2025-12-16T13:06:20.377Z"
    },
    {
      "id": "285eca43-df08-4f96-9a30-6593b0bf82c8",
      "code": "GL_REVIEW",
      "label": "General ledger review completed (journals, accruals, reclasses)",
      "completed": true,
      "completedAt": "2025-12-21T11:06:10.811Z",
      "completedBy": {
        "id": "e77ec5cd-d05a-4c56-821b-122edad25083",
        "email": "admin@uspire.local"
      },
      "createdAt": "2025-12-16T13:06:20.377Z"
    },
    {
      "id": "e7c2bca9-b9d1-4962-b708-29ed9c524ae0",
      "code": "REPORTING_PACKAGE",
      "label": "Financial statements generated and reviewed",
      "completed": true,
      "completedAt": "2025-12-21T11:06:11.814Z",
      "completedBy": {
        "id": "e77ec5cd-d05a-4c56-821b-122edad25083",
        "email": "admin@uspire.local"
      },
      "createdAt": "2025-12-16T13:06:20.377Z"
    }
  ]
}