{
  "periodId": "38186971-e038-4e3b-bcd7-e130bf67c84b",
  "items": [
    {
      "id": "70b2fcb4-f356-4fed-a642-02eb70118095",
      "code": "BANK_RECONCILIATION",
      "label": "Bank reconciliations completed and reviewed",
      "completed": false,
      "completedAt": null,
      "completedBy": null,
      "createdAt": "2025-12-16T13:06:20.377Z"
    },
    {
      "id": "8bbe1eb1-4fcc-4c5c-9258-75749b578d1e",
      "code": "AP_RECONCILIATION",
      "label": "AP subledger reconciled to GL",
      "completed": false,
      "completedAt": null,
      "completedBy": null,
      "createdAt": "2025-12-16T13:06:20.377Z"
    },
    {
      "id": "7679cf45-759d-4602-9eb9-fec4db0aaffc",
      "code": "AR_RECONCILIATION",
      "label": "AR subledger reconciled to GL",
      "completed": false,
      "completedAt": null,
      "completedBy": null,
      "createdAt": "2025-12-16T13:06:20.377Z"
    },
    {
      "id": "eae3eda4-a5f3-4308-9615-465bc79e545a",
      "code": "GL_REVIEW",
      "label": "General ledger review completed (journals, accruals, reclasses)",
      "completed": false,
      "completedAt": null,
      "completedBy": null,
      "createdAt": "2025-12-16T13:06:20.377Z"
    },
    {
      "id": "9907aea8-474e-4564-a63f-61cbace2598e",
      "code": "REPORTING_PACKAGE",
      "label": "Financial statements generated and reviewed",
      "completed": false,
      "completedAt": null,
      "completedBy": null,
      "createdAt": "2025-12-16T13:06:20.377Z"
    }
  ]
}