{
  "id": "c6bf4b5e-bbcd-434e-aa82-520fe3c3277b",
  "noteType": "DEPRECIATION",
  "accountingPeriodId": "38186971-e038-4e3b-bcd7-e130bf67c84b",
  "generatedAt": "2025-12-21T12:06:21.847Z",
  "generatedById": "5bb4021e-0e45-4d34-865f-606291f09144",
  "lines": [
    {
      "id": "5b0445d6-ad50-4e3a-91a5-26bf474d7ec9",
      "disclosureNoteId": "c6bf4b5e-bbcd-434e-aa82-520fe3c3277b",
      "rowKey": "CATEGORY:COMP",
      "label": "Computers",
      "values": {
        "cost": 2400,
        "method": "STRAIGHT_LINE",
        "categoryCode": "COMP",
        "categoryName": "Computers",
        "usefulLifeMonths": 60,
        "depreciationForPeriod": 40,
        "accumulatedDepreciation": 40
      },
      "orderIndex": 0
    }
  ]
}