{
  "id": "7540ae0a-c7c6-47d3-933f-999ff6673d54",
  "noteType": "PPE_MOVEMENT",
  "accountingPeriodId": "38186971-e038-4e3b-bcd7-e130bf67c84b",
  "generatedAt": "2025-12-21T12:35:35.516Z",
  "generatedById": "5bb4021e-0e45-4d34-865f-606291f09144",
  "lines": [
    {
      "id": "69fc5857-0b92-45dc-8917-490e7e7c1924",
      "disclosureNoteId": "7540ae0a-c7c6-47d3-933f-999ff6673d54",
      "rowKey": "CATEGORY:COMP",
      "label": "Computers",
      "values": {
        "closing": 2360,
        "opening": 0,
        "additions": 2400,
        "disposals": 0,
        "categoryCode": "COMP",
        "categoryName": "Computers",
        "depreciation": 40
      },
      "orderIndex": 0
    }
  ]
}