{
  "id": "7018d33c-ae4f-41d5-85a2-a63ce68f839f",
  "noteType": "TAX_RECONCILIATION",
  "accountingPeriodId": "38186971-e038-4e3b-bcd7-e130bf67c84b",
  "generatedAt": "2025-12-21T21:29:17.876Z",
  "generatedById": "5bb4021e-0e45-4d34-865f-606291f09144",
  "lines": [
    {
      "id": "687277f7-982e-4934-95f1-326301d4f201",
      "disclosureNoteId": "7018d33c-ae4f-41d5-85a2-a63ce68f839f",
      "rowKey": "TAX:PAYE",
      "label": "PAYE",
      "values": {
        "taxPaid": 0,
        "taxType": "PAYE",
        "taxCharged": 0,
        "adjustments": 0,
        "closingBalance": 0,
        "openingBalance": 0,
        "computedClosingBalance": 0
      },
      "orderIndex": 0
    },
    {
      "id": "0622dc9c-75b5-4305-a845-975a1b511fa2",
      "disclosureNoteId": "7018d33c-ae4f-41d5-85a2-a63ce68f839f",
      "rowKey": "TAX:VAT",
      "label": "VAT",
      "values": {
        "taxPaid": 0,
        "taxType": "VAT",
        "taxCharged": 0,
        "adjustments": 0,
        "closingBalance": 0,
        "openingBalance": 0,
        "computedClosingBalance": 0
      },
      "orderIndex": 1
    },
    {
      "id": "662cb74a-760c-404a-a89c-0f8e172f2444",
      "disclosureNoteId": "7018d33c-ae4f-41d5-85a2-a63ce68f839f",
      "rowKey": "TAX:WHT",
      "label": "WHT",
      "values": {
        "taxPaid": 0,
        "taxType": "WHT",
        "taxCharged": 0,
        "adjustments": 0,
        "closingBalance": 0,
        "openingBalance": 0,
        "computedClosingBalance": 0
      },
      "orderIndex": 2
    }
  ]
}