[
  {
    "id": "08ce4b1f-9235-4053-b924-0ad09df42166",
    "tenantId": "af7464e3-166a-4681-a851-99d895db6c98",
    "eventType": "PERIOD_CHECKLIST_COMPLETE",
    "entityType": "ACCOUNTING_PERIOD_CHECKLIST_ITEM",
    "entityId": "107b4a4c-5feb-455c-b80f-619f0fdfdec8",
    "action": "FINANCE_PERIOD_CHECKLIST_COMPLETE",
    "outcome": "SUCCESS",
    "reason": null,
    "userId": "7a220d25-85ff-40a7-b37f-baf05233623f",
    "permissionUsed": "FINANCE_PERIOD_CHECKLIST_COMPLETE",
    "createdAt": "2025-12-16T16:07:18.689Z",
    "user": {
      "id": "7a220d25-85ff-40a7-b37f-baf05233623f",
      "email": "test@uspire.local"
    }
  },
  {
    "id": "e7d6d2e9-d9ed-42e3-b1e0-f8aad616c5f5",
    "tenantId": "af7464e3-166a-4681-a851-99d895db6c98",
    "eventType": "EVIDENCE_UPLOAD",
    "entityType": "ACCOUNTING_PERIOD",
    "entityId": "43188730-2fcf-48a4-a174-c9bd118cd91a",
    "action": "AUDIT_EVIDENCE_UPLOAD",
    "outcome": "SUCCESS",
    "reason": "Uploaded evidence: Bio Page.png",
    "userId": "7a220d25-85ff-40a7-b37f-baf05233623f",
    "permissionUsed": "AUDIT_EVIDENCE_UPLOAD",
    "createdAt": "2025-12-16T16:07:38.351Z",
    "user": {
      "id": "7a220d25-85ff-40a7-b37f-baf05233623f",
      "email": "test@uspire.local"
    }
  },
  {
    "id": "b28b67ad-afe0-4a4c-83df-14027fd8f4cd",
    "tenantId": "af7464e3-166a-4681-a851-99d895db6c98",
    "eventType": "PERIOD_CHECKLIST_COMPLETE",
    "entityType": "ACCOUNTING_PERIOD_CHECKLIST_ITEM",
    "entityId": "fe774f6b-6ae3-43c0-bbe1-a812e5c2dc84",
    "action": "FINANCE_PERIOD_CHECKLIST_COMPLETE",
    "outcome": "SUCCESS",
    "reason": null,
    "userId": "7a220d25-85ff-40a7-b37f-baf05233623f",
    "permissionUsed": "FINANCE_PERIOD_CHECKLIST_COMPLETE",
    "createdAt": "2025-12-16T18:13:34.745Z",
    "user": {
      "id": "7a220d25-85ff-40a7-b37f-baf05233623f",
      "email": "test@uspire.local"
    }
  }
]