{
  "id": "bb0a5e73-e60f-46c5-84c7-1641b1a50503",
  "noteType": "DEPRECIATION",
  "accountingPeriodId": "f23a580b-27cc-4566-b722-10b8bc5b1552",
  "generatedAt": "2025-12-21T12:47:41.473Z",
  "generatedById": "e77ec5cd-d05a-4c56-821b-122edad25083",
  "lines": [
    {
      "id": "42d73857-5a24-4ac5-8d0c-bd97e2435e51",
      "disclosureNoteId": "bb0a5e73-e60f-46c5-84c7-1641b1a50503",
      "rowKey": "CATEGORY:COMP",
      "label": "Computers",
      "values": {
        "cost": 2400,
        "method": "STRAIGHT_LINE",
        "categoryCode": "COMP",
        "categoryName": "Computers",
        "usefulLifeMonths": 60,
        "depreciationForPeriod": 0,
        "accumulatedDepreciation": 40
      },
      "orderIndex": 0
    }
  ]
}