{
  "id": "6c855401-1069-417b-9bdb-6e504659e343",
  "noteType": "PPE_MOVEMENT",
  "accountingPeriodId": "f23a580b-27cc-4566-b722-10b8bc5b1552",
  "generatedAt": "2025-12-21T12:08:09.787Z",
  "generatedById": "5bb4021e-0e45-4d34-865f-606291f09144",
  "lines": [
    {
      "id": "1b3f9df1-abdf-4f62-b966-c00608aa183a",
      "disclosureNoteId": "6c855401-1069-417b-9bdb-6e504659e343",
      "rowKey": "CATEGORY:COMP",
      "label": "Computers",
      "values": {
        "closing": 2360,
        "opening": 2360,
        "additions": 0,
        "disposals": 0,
        "categoryCode": "COMP",
        "categoryName": "Computers",
        "depreciation": 0
      },
      "orderIndex": 0
    }
  ]
}