{
  "id": "7edf4181-7103-4b89-a1c9-a361c732a962",
  "noteType": "TAX_RECONCILIATION",
  "accountingPeriodId": "f23a580b-27cc-4566-b722-10b8bc5b1552",
  "generatedAt": "2025-12-21T21:31:56.235Z",
  "generatedById": "5bb4021e-0e45-4d34-865f-606291f09144",
  "lines": [
    {
      "id": "14b3123a-b0c5-4d68-9d3d-62ea0d38e93e",
      "disclosureNoteId": "7edf4181-7103-4b89-a1c9-a361c732a962",
      "rowKey": "TAX:PAYE",
      "label": "PAYE",
      "values": {
        "taxPaid": 0,
        "taxType": "PAYE",
        "taxCharged": 0,
        "adjustments": 0,
        "closingBalance": 0,
        "openingBalance": 0,
        "computedClosingBalance": 0
      },
      "orderIndex": 0
    },
    {
      "id": "ab547adc-84e4-447b-b451-770b55d8ac98",
      "disclosureNoteId": "7edf4181-7103-4b89-a1c9-a361c732a962",
      "rowKey": "TAX:VAT",
      "label": "VAT",
      "values": {
        "taxPaid": 0,
        "taxType": "VAT",
        "taxCharged": 0,
        "adjustments": 0,
        "closingBalance": 0,
        "openingBalance": 0,
        "computedClosingBalance": 0
      },
      "orderIndex": 1
    },
    {
      "id": "2a0ce91a-7d8a-4326-a757-77b3a8591e34",
      "disclosureNoteId": "7edf4181-7103-4b89-a1c9-a361c732a962",
      "rowKey": "TAX:WHT",
      "label": "WHT",
      "values": {
        "taxPaid": 0,
        "taxType": "WHT",
        "taxCharged": 0,
        "adjustments": 0,
        "closingBalance": 0,
        "openingBalance": 0,
        "computedClosingBalance": 0
      },
      "orderIndex": 2
    }
  ]
}