[
  {
    "id": "1879208b-71a7-48ac-82dd-7bc375945103",
    "tenantId": "af7464e3-166a-4681-a851-99d895db6c98",
    "entityType": "ACCOUNTING_PERIOD",
    "entityId": "43188730-2fcf-48a4-a174-c9bd118cd91a",
    "fileName": "Bio Page.png",
    "mimeType": "image/png",
    "size": 77389,
    "storageKey": "af7464e3-166a-4681-a851-99d895db6c98/1879208b-71a7-48ac-82dd-7bc375945103_Bio_Page.png",
    "sha256Hash": "8107053047b736777106507c3ee6900e681c6c4a76f247a1f1bc78891c44b92d",
    "uploadedById": "7a220d25-85ff-40a7-b37f-baf05233623f",
    "createdAt": "2025-12-16T16:07:38.341Z",
    "uploadedBy": {
      "id": "7a220d25-85ff-40a7-b37f-baf05233623f",
      "email": "test@uspire.local"
    }
  }
]